Disease,Medication,Procedure
Fungal infection,"['ginger tea' , 'ginger juice']","[Ginger Tea:
a. In a small saucepan, bring the water to a boil.
b. Add the thinly sliced or grated ginger to the boiling water.
c. Reduce the heat to low and let the ginger simmer in the water for about 5-10 minutes, depending on how strong you want the tea to be.
d. Remove the saucepan from heat and strain the tea to remove the ginger pieces.
e. Add honey or lemon if desired for flavor.
f. Pour the ginger tea into a cup and serve hot.

Ginger Juice:
a. Place the chopped ginger root and water in a blender.
b. Blend on high speed until the ginger is finely pureed and the mixture becomes smooth.
c. Strain the ginger pulp using a fine-mesh sieve or cheesecloth to extract the juice.
d. If desired, add lemon juice and sweetener (honey or sugar) to the ginger juice and mix well.
e. Transfer the ginger juice to a glass and serve chilled or with ice cubes.]"
Allergy,['HERBS AND SPICES'],"[Choose a combination of herbs and spices that are known to alleviate allergy symptoms and boost the immune system. You can use dried herbs or fresh herbs, depending on availability.
If using fresh herbs, wash them thoroughly under running water and pat them dry with a clean towel. If using dried herbs, measure out the desired quantities.
In a pot, bring water to a boil. The amount of water will depend on how much herbal remedy you want to make. A good starting point is about 2-3 cups of water.
Once the water is boiling, add the herbs and spices to the pot. You can use a single herb or a combination of several herbs, depending on your preferences and what you have available.
Reduce the heat to low and let the herbs simmer in the water for about 10-15 minutes. This allows the herbs to infuse their beneficial properties into the water.
After simmering, remove the pot from the heat and let the herbal mixture cool slightly.
Strain the herbal mixture using a fine-mesh sieve or cheesecloth to remove the solid particles and retain the liquid.
You can drink the herbal remedy as a tea by pouring it into a cup and adding honey or lemon for flavor, if desired. Alternatively, you can let the mixture cool completely and store it in a glass jar in the refrigerator for later use.
Drink the herbal remedy 1-2 times per day or as needed to help alleviate allergy symptoms and support overall immune health.]"
GERD,"['Buttermilk prepared with cumin seeds','ginger',' black pepper and coriander leaves']","[Buttermilk prepared with cumin seeds:
Procedure:
a. In a small pan, dry roast the cumin seeds until they become aromatic.
b. Allow the roasted cumin seeds to cool down, then grind them into a fine powder.
c. Add the cumin powder and salt to the buttermilk.
d. Mix well until the cumin powder is fully dissolved in the buttermilk.
e. Drink this buttermilk after meals to help alleviate symptoms of GERD.
Ginger:
Procedure:
a. Peel and thinly slice a fresh ginger root.
b. Chew on a small slice of ginger after meals or when experiencing symptoms of GERD.
c. Alternatively, you can also prepare ginger tea as mentioned earlier and consume it to soothe digestive discomfort.
Black pepper and coriander leaves:
Procedure:
a. Crush the coriander leaves to extract their juice.
b. Mix the black pepper powder and coriander juice in a cup of water.
c. Stir well and drink this mixture to relieve symptoms of GERD.]"
Chronic cholestasis,['Eugenia jambolana (Jamun fruit)'],"[Wash the Jamun fruits thoroughly under running water to remove any dirt or impurities.
Cut the Jamun fruits into halves or quarters, depending on their size.
Place the cut Jamun fruits in a saucepan or pot.
Add 1-2 cups of water to the saucepan, ensuring that the water covers the Jamun fruits.
Bring the water to a boil over medium heat.
Once the water starts boiling, reduce the heat to low and let the Jamun fruits simmer in the water for about 10-15 minutes.
After simmering, turn off the heat and allow the mixture to cool down to room temperature.
Once cooled, strain the liquid using a fine-mesh sieve or cheesecloth to separate the Jamun extract from the pulp and seeds.
Discard the pulp and seeds, and retain the strained liquid.
Transfer the strained Jamun extract into a clean container.
You can consume this Jamun fruit extract as a refreshing drink throughout the day.
For best results, it's recommended to consume this remedy regularly as part of your diet regimen.]"
Drug Reaction,[' turmeric powder boiled in water with a pinch of salt'],"[Take a small saucepan or pot and add 1 to 1.5 cups of water to it.
Place the saucepan on the stove and heat the water over medium heat until it starts to boil.
Once the water reaches a rolling boil, add 1/2 to 1 teaspoon of turmeric powder to the boiling water.
Stir the turmeric powder into the water until it is well combined.
Add a pinch of salt to the boiling water and stir again to dissolve the salt.
Allow the turmeric water to boil for an additional 2-3 minutes to infuse the flavors.
Turn off the heat and let the turmeric water cool down slightly.
Once the turmeric water has cooled down to a warm temperature, strain it using a fine-mesh sieve or cheesecloth to remove any undissolved particles.
Pour the strained turmeric water into a cup or mug.]"
Peptic ulcer disease,['Mahatiktaka Ghrita - 11gm twice daily orally for 60 days with milk'],"[Begin by ensuring that all utensils and ingredients are clean and sanitized to maintain hygiene.
Measure out 11 grams of Mahatiktaka Ghrita according to the prescribed dosage.
Warm a small amount of milk in a clean saucepan or pot on low heat. Be careful not to boil the milk.
Once the milk is warm, add the measured amount of Mahatiktaka Ghrita to it.
Stir the mixture gently until the Mahatiktaka Ghrita is completely dissolved in the milk.
Turn off the heat and allow the mixture to cool down slightly.
Once the mixture has cooled to a comfortable temperature for consumption, it is ready to be taken orally.
Consume the prepared Mahatiktaka Ghrita mixture orally as per the prescribed dosage, typically twice daily.
Continue this regimen for the recommended duration of 60 days or as advised by a healthcare professional.]"
Diabetes,"['Herbal Medication','Panchakarma Therapy']","[a. Consult with a qualified Ayurvedic practitioner or herbalist to determine the appropriate herbal combination and dosage for your condition.
b. Prepare a decoction or infusion by boiling water and adding the selected herbs. Allow them to simmer for a specific duration.
c. Strain the liquid to remove any solid particles and let it cool down to room temperature.
d. Drink the herbal concoction as directed by your healthcare provider. It's essential to follow the recommended dosage and frequency for optimal results.
e. Monitor your blood sugar levels regularly and consult with your healthcare provider for any adjustments to your treatment plan.
Panchakarma Therapy:
Panchakarma therapy is a traditional Ayurvedic detoxification and rejuvenation treatment that aims to balance the doshas (bio-energies) in the body. While it may not directly treat diabetes, Panchakarma therapy can help improve overall health and well-being, which may indirectly benefit individuals with diabetes. Here's a general procedure for Panchakarma therapy:a. Consult with a qualified Ayurvedic practitioner to assess your individual constitution (Prakriti), current health status, and specific needs related to diabetes management.
b. Undergo a series of preparatory treatments, such as oleation (external and internal oil application) and sweating therapies (e.g., steam baths or herbal sauna), to prepare the body for the main Panchakarma procedures.
c. The main Panchakarma procedures typically include:
Vamana (Therapeutic Emesis): Induced vomiting to eliminate excess Kapha dosha.
Virechana (Purgation Therapy): Administering purgative substances to induce controlled bowel movements and eliminate excess Pitta dosha.
Basti (Enema Therapy): Administering medicated enemas to cleanse the colon and balance Vata dosha.
Nasya (Nasal Administration): Instilling herbal oils or powders into the nostrils to clear the nasal passages and balance doshas.
Raktamokshana (Bloodletting Therapy): A specialized procedure to purify the blood and remove toxins.
d. After completing the main Panchakarma procedures, follow post-treatment guidelines provided by your Ayurvedic practitioner, which may include dietary recommendations, lifestyle modifications, and herbal supplements to support long-term health and well-being.Note: Panchakarma therapy should only be performed under the supervision of a qualified Ayurvedic practitioner who can customize the treatment plan according to your specific needs and health condition.]"
Gastroenteritis,['half a gram of long pepper powder with honey'],"[Measure out half a gram of long pepper powder.
Place the long pepper powder in a small bowl or container.
Add honey to the bowl with the long pepper powder.
Mix the honey and long pepper powder together thoroughly until they form a smooth paste.
Once mixed, consume the paste immediately.
You can take this remedy once or twice a day, as needed, to help alleviate symptoms of gastroenteritis.]"
Bronchial Asthma, ['Goat's milk processed with decoction of Ginger and added with cane sugar'],"[Pour the goat's milk into a small saucepan and heat it over medium heat until it reaches a gentle simmer.
While the milk is heating, prepare the ginger decoction by adding the thinly sliced or grated ginger to a separate saucepan with about 1/2 cup of water.
Bring the ginger and water to a boil, then reduce the heat and let it simmer for about 10-15 minutes to extract the ginger's flavor and medicinal properties.
After simmering, strain the ginger decoction to remove the ginger pieces, leaving only the liquid.
Once the goat's milk is simmering, pour the strained ginger decoction into the milk and stir well to combine.
Allow the milk and ginger mixture to simmer together for an additional 5-10 minutes, stirring occasionally.
After simmering, remove the saucepan from the heat and let the mixture cool slightly.
While the mixture is still warm, add cane sugar to taste and stir until it dissolves completely.
Pour the prepared goat's milk processed with ginger decoction and cane sugar into a mug or glass.
Sip the warm beverage slowly to soothe the symptoms of Bronchial Asthma and enjoy its comforting effects.]"
Hypertension,"[' moong dal soup,cilantro, cumin, and a pinch of turmeric','a teaspoon of honey and five to 10 drops of apple cider vinegar to a cup of hot water']","[Moong Dal Soup with Cilantro, Cumin, and Turmeric:
Procedure:
a. Rinse the moong dal under running water until the water runs clear.
b. In a saucepan, combine the rinsed moong dal and water. Bring it to a boil.
c. Once boiling, reduce the heat to low and let it simmer for about 20-25 minutes until the dal is soft and cooked through.
d. In a separate small pan, heat the olive oil or ghee (if using) over medium heat. Add the cumin seeds and let them splutter.
e. Add the chopped cilantro and turmeric powder to the pan with cumin seeds. Sauté for a minute.
f. Pour this mixture into the cooked moong dal soup and stir well.
g. Season with salt to taste and let it simmer for another 5 minutes.
h. Serve hot and enjoy the nutritious moong dal soup with cilantro, cumin, and turmeric.

Honey and Apple Cider Vinegar Drink:
Procedure:
a. Heat water in a kettle or saucepan until it reaches a hot but not boiling temperature.
b. Pour the hot water into a cup.
c. Add honey and apple cider vinegar to the hot water.
d. Stir well until the honey is dissolved and the apple cider vinegar is well mixed.
e. Let the drink cool slightly, then sip it slowly.
f. Enjoy this soothing and refreshing honey and apple cider vinegar drink.]"
Migraine,['Shirolepa and shiro dhara'],"[Shirolepa (Herbal Paste Application on Forehead):
Procedure:
a. In a small bowl, mix together sandalwood powder and turmeric powder.
b. Add enough rose water or plain water to the powder mixture to make a thick paste.
c. Wash your forehead and face with lukewarm water and pat dry with a clean towel.
d. Apply the prepared herbal paste evenly on your forehead, covering the entire area affected by migraine pain.
e. Leave the paste on for about 20-30 minutes to allow the herbs to work on relieving the pain.
f. After the specified time, gently wash off the paste with lukewarm water and pat dry.
g. Repeat this procedure once or twice daily for relief from migraine symptoms.

Shirodhara (Continuous Oil Pouring on Forehead):
Procedure:
a. Heat the Ayurvedic medicated oil to a comfortable temperature, ensuring it is not too hot.
b. Lie down on your back on a comfortable surface and place a folded towel or cloth under your head to support the neck.
c. Position the Shirodhara pot above your forehead so that the nozzle is positioned directly above the center of your forehead (the ""third eye"" region).
d. Open the nozzle of the pot and allow the warm oil to flow in a continuous stream onto your forehead.
e. The oil should flow gently and steadily onto your forehead, allowing the oil to spread evenly across the forehead and scalp.
f. Relax and remain in this position for about 30-60 minutes, allowing the therapeutic effects of the oil to soothe and calm your mind and relieve migraine symptoms.
g. After the session, gently wipe off any excess oil from your forehead and hair using a soft towel.
h. Shirodhara can be performed as a standalone treatment or as part of a comprehensive Ayurvedic therapy plan for migraine relief. It is recommended to consult with a qualified Ayurvedic practitioner for personalized guidance and treatment.]"
Cervical spondylosis,"['Triphla','Gugglu','Aloe vera','Mridu Shodhana','Pacifying Herbs ']","[Triphala:
Take 1 teaspoon of Triphala powder.
Mix it with warm water to form a paste.
Consume this paste daily in the morning on an empty stomach.
Guggulu:
Take Guggulu capsules or tablets as prescribed by your Ayurvedic practitioner.
Typically, a dose of 500 mg to 1 gram is recommended twice daily after meals.
Follow the dosage instructions provided on the product label or by your practitioner.
Aloe Vera:
Extract fresh Aloe Vera gel from an Aloe Vera leaf.
Apply the gel gently on the affected area of the neck and spine.
Massage the gel in circular motions for 5-10 minutes.
Leave it on for another 15-20 minutes, then rinse off with lukewarm water.
Repeat this process twice daily for best results.
Mridu Shodhana (Gentle Cleansing):
Perform gentle neck exercises and stretches recommended by a physiotherapist or yoga instructor.
Practice relaxation techniques such as deep breathing, meditation, or yoga to reduce stress and tension in the neck and spine.
Pacifying Herbs:
Consume herbal teas or decoctions made from pacifying herbs such as Ashwagandha, Shatavari, or Brahmi.
Brew the herbs in hot water and allow them to steep for 5-10 minutes.
Strain the mixture and drink the herbal tea warm.
You can also add honey or lemon for flavor, if desired.
Drink this herbal tea once or twice daily to support overall well-being and relaxation.
Please note:

It's essential to consult with an Ayurvedic practitioner or healthcare professional before starting any new herbal remedies, especially if you have any existing health conditions or are taking medications.
Follow the recommended dosage and usage instructions provided by your practitioner.
Maintain consistency with the remedies and combine them with other lifestyle modifications such as proper posture, regular exercise, and a balanced diet for optimal results.
Monitor your symptoms and consult with your healthcare provider if you experience any adverse reactions or worsening of symptoms.]"
Jaundice,['Wheatgrass juice'],"[Wash the fresh wheatgrass thoroughly under running water to remove any dirt or debris.
Cut the wheatgrass into small pieces to make it easier to blend.
If you prefer a smoother consistency, you can add 1/2 cup of water to the blender along with the wheatgrass.
Place the chopped wheatgrass (and water, if using) into a blender.
Blend the wheatgrass on high speed until it is finely pureed and becomes a smooth liquid. This may take a few minutes.
Once the wheatgrass is thoroughly blended, strain the juice using a fine-mesh sieve or cheesecloth to remove any remaining pulp or fibers.
Press down on the pulp with a spoon or spatula to extract as much juice as possible.
Transfer the strained wheatgrass juice to a glass or container.
You can drink the wheatgrass juice immediately for maximum freshness and nutritional benefits.
If you prefer, you can also refrigerate the juice for up to 24 hours and consume it within that time frame.
Note: It's important to consume wheatgrass juice fresh to retain its nutrients and benefits. It's recommended to start with small amounts of wheatgrass juice, especially if you're new to consuming it, and gradually increase the quantity as tolerated. Always consult with a healthcare professional before making significant changes to your diet, especially if you have a medical condition like jaundice.]"
Malaria,"['Vishamajwarantakaloha','Tinospora cordifolia (guduchi) and Cissampelos pareira (akanadi)']","[Vishamajwarantakaloha:
Vishamajwarantakaloha is an Ayurvedic medicine commonly used to treat various types of fever, including Malaria. It is available in tablet or powder form. However, it's crucial to consult an Ayurvedic practitioner for the correct dosage and usage instructions based on individual health conditions.
Tinospora cordifolia (Guduchi) and Cissampelos pareira (Akanadi):
These two herbs, Tinospora cordifolia (Guduchi) and Cissampelos pareira (Akanadi), are known for their antimalarial properties in Ayurveda.
Here's a simple method to prepare a herbal decoction using these herbs:
Take equal parts of dried Tinospora cordifolia stems and Cissampelos pareira leaves.
Crush or grind them into a coarse powder.
Boil 1-2 teaspoons of this herbal powder in 2 cups of water.
Allow it to simmer until the water reduces to half of its original volume.
Strain the decoction to remove any solid particles.
Drink this herbal decoction once or twice a day for relief from Malaria symptoms.
Note:

It's important to consult a qualified Ayurvedic practitioner or healthcare professional before using any herbal remedies, especially for serious health conditions like Malaria.
The dosage and method of preparation may vary based on individual health conditions, age, and other factors.
Additionally, these herbal remedies may be used as supportive measures alongside conventional medical treatment for Malaria.]"
Chicken pox,"['Haridra','Yashtimadhu','Guduchi','Manjishtha','Nimba']","[Take a clean mixing bowl and add all the powdered herbs: Haridra, Yashtimadhu, Guduchi, Manjishtha, and Nimba.
Mix the powders well using a spoon until they are thoroughly combined.
If desired, you can add honey to the mixture for taste and additional health benefits. Mix it well with the powdered herbs.
Once the mixture is ready, store it in an airtight container to maintain its freshness.
Consume one teaspoon of this herbal mixture daily with warm water or milk.
Continue taking this remedy until the symptoms of chickenpox subside.
Note: Before using any herbal remedy, it's advisable to consult with a healthcare professional, especially if you have any underlying health conditions or are taking medication. Additionally, individuals allergic to any of the mentioned ingredients should avoid using this remedy.]"
Dengue,"['Herbal tea made out of Fenugreek or coriander leaves','Papaya','Leaves of papaya']","[Herbal Tea made out of Fenugreek or Coriander Leaves:
Procedure:
a. Rinse the fenugreek or coriander leaves thoroughly under running water to remove any dirt or impurities.
b. Chop the leaves finely.
c. In a saucepan, bring 2 cups of water to a boil.
d. Add the chopped fenugreek or coriander leaves to the boiling water.
e. Let the leaves simmer in the water for about 5-10 minutes.
f. Remove the saucepan from heat and strain the tea to remove the leaves.
g. If desired, add honey for sweetness and flavor.
h. Pour the herbal tea into a cup and serve warm.
Papaya:
Procedure:
a. Choose a ripe papaya and wash it thoroughly under running water.
b. Cut the papaya in half lengthwise and scoop out the seeds with a spoon.
c. Cut the papaya flesh into small cubes or slices.
d. Serve the papaya pieces as a fruit snack or add them to fruit salads.
Leaves of Papaya:
Procedure:
a. Wash the papaya leaves thoroughly under running water.
b. Crush or grind the papaya leaves to extract the juice.
c. You can also blend the leaves with a little water and strain the mixture to extract the juice.
d. Consume 1-2 tablespoons of papaya leaf juice daily to help increase platelet count and alleviate symptoms of Dengue fever.]"
Typhoid,"['Triphala Churan','Use Cold Compresses','Apple Cider Vinegar','Basil','Garlic','Bananas','Cloves','Pomegranates','Buttermilk']","[Triphala Churan:
Mix 1 teaspoon of Triphala Churan in a glass of warm water.
Drink this solution on an empty stomach in the morning.
Use Cold Compresses:
Soak a clean cloth in cold water and wring out the excess water.
Place the cold, damp cloth on your forehead or on the back of your neck.
Leave it on for 5-10 minutes. Repeat as needed to reduce fever.
Apple Cider Vinegar:
Mix 1-2 tablespoons of raw, unfiltered apple cider vinegar in a glass of warm water.
Drink this solution 2-3 times a day to help reduce fever and improve digestion.
Basil:
Chew 4-5 fresh basil leaves on an empty stomach in the morning.
Alternatively, boil a handful of basil leaves in water to make basil tea. Strain and drink the tea.
Garlic:
Eat 2-3 cloves of raw garlic on an empty stomach daily.
You can also crush garlic cloves and mix them with honey to make a paste. Consume this paste daily.
Bananas:
Eat 1-2 ripe bananas daily. Bananas are easy to digest and can provide energy during illness.
Cloves:
Chew on 2-3 cloves daily. Cloves have antimicrobial properties that can help fight off infections.
Pomegranates:
Eat 1-2 fresh pomegranates daily or drink pomegranate juice.
Pomegranates are rich in antioxidants and can help boost immunity.
Buttermilk:
Drink a glass of plain buttermilk mixed with a pinch of salt and roasted cumin powder.
Buttermilk can help soothe the digestive system and provide relief from symptoms like diarrhea.]"
hepatitis A,"['mixture of bibhataki, haritaki and amlaki']","[Take equal parts of bibhataki, haritaki, and amlaki powders.
Mix the powders thoroughly in a clean, dry container.
Store the mixture in an airtight container in a cool, dry place away from direct sunlight.
To use, take 1-2 teaspoons of the mixture daily, preferably in the morning on an empty stomach.
You can mix the powder with warm water or honey for easier consumption, if desired.
Continue taking the mixture regularly as per your healthcare provider's recommendations.]"
Hepatitis B,['Bhumi Amla (Phyllanthus Niruri)'],"[Obtain Bhumi Amla:
Bhumi Amla, also known as Phyllanthus Niruri, is an herbaceous plant that is commonly used in Ayurvedic medicine. You can obtain fresh Bhumi Amla from herbal stores or online suppliers.
Preparation:
Wash the Bhumi Amla thoroughly under running water to remove any dirt or impurities.
Consumption:
Bhumi Amla can be consumed in various forms to help alleviate symptoms of Hepatitis B. Here are a few methods:a. Fresh Juice:
Crush a handful of fresh Bhumi Amla leaves and extract the juice using a juicer or blender.
Drink 1-2 tablespoons of this fresh Bhumi Amla juice daily on an empty stomach in the morning.
b. Powder:
Dry the washed Bhumi Amla leaves in the sun until they are completely dehydrated.
Grind the dried leaves into a fine powder using a grinder or mortar and pestle.
Mix 1-2 teaspoons of Bhumi Amla powder with warm water or honey and consume it twice daily.
c. Decoction:
Boil a handful of fresh Bhumi Amla leaves in water for about 10-15 minutes.
Strain the decoction and let it cool to room temperature.
Drink the Bhumi Amla decoction once daily for its medicinal benefits.
Duration:
Continue consuming Bhumi Amla regularly as directed by a healthcare professional or an Ayurvedic practitioner. It is advisable to consult a healthcare provider before starting any new herbal remedy, especially if you have a medical condition or are taking medication.
Monitoring:
Keep track of your symptoms and overall health while using Bhumi Amla as a remedy for Hepatitis B. If you experience any adverse reactions or worsening symptoms, discontinue use and consult a healthcare professional immediately.
Remember, Bhumi Amla is often used as a supportive remedy in conjunction with conventional medical treatments for Hepatitis B. It is essential to follow your healthcare provider's advice and treatment plan for managing Hepatitis B effectively.]"
Hepatitis C,"['turmeric', 'bhringaraj', 'bhumyalaki']","[Boil 1 cup of water in a small saucepan or pot.
Add 1 teaspoon each of turmeric powder, bhringaraj powder, and bhumyalaki powder to the boiling water.
Reduce the heat to low and let the mixture simmer for about 5-10 minutes.
Stir the mixture occasionally to ensure that the powders are well dissolved in the water.
After simmering, remove the saucepan from heat and let the mixture cool down to a warm temperature.
Once cooled, strain the mixture using a fine-mesh sieve or cheesecloth to remove any solid particles.
Pour the strained liquid into a cup or glass.
Drink this herbal remedy once daily for its potential beneficial effects on Hepatitis C.
Please note:

Before using any herbal remedies, it's advisable to consult with a healthcare professional, especially if you have any underlying health conditions or are taking medications.
This remedy should be used as a complementary approach and should not replace conventional medical treatment for Hepatitis C.
Some individuals may be allergic to certain herbs, so it's essential to be cautious and discontinue use if any adverse reactions occur.]"
Hepatitis D,['Kutki (Picrorhiza kurroa)'],"[Boil 1 cup of water in a small saucepan or pot.
Add 1 teaspoon each of turmeric powder, bhringaraj powder, and bhumyalaki powder to the boiling water.
Reduce the heat to low and let the mixture simmer for about 5-10 minutes.
Stir the mixture occasionally to ensure that the powders are well dissolved in the water.
After simmering, remove the saucepan from heat and let the mixture cool down to a warm temperature.
Once cooled, strain the mixture using a fine-mesh sieve or cheesecloth to remove any solid particles.
Pour the strained liquid into a cup or glass.
Drink this herbal remedy once daily for its potential beneficial effects on Hepatitis C.
Please note:

Before using any herbal remedies, it's advisable to consult with a healthcare professional, especially if you have any underlying health conditions or are taking medications.
This remedy should be used as a complementary approach and should not replace conventional medical treatment for Hepatitis C.
Some individuals may be allergic to certain herbs, so it's essential to be cautious and discontinue use if any adverse reactions occur.]"
Tuberculosis,"['ashwagandha',' turmeric' 'neem']","[Take a small mixing bowl or cup.
Add 1 teaspoon each of ashwagandha powder, turmeric powder, and neem leaves or neem powder into the bowl.
Mix the ingredients well until they are thoroughly combined.
Boil 1 cup of water in a saucepan or kettle.
Pour the boiling water into the mixing bowl containing the ashwagandha, turmeric, and neem mixture.
Stir the mixture well until the powders are completely dissolved in the water.
If desired, you can add a teaspoon of honey to sweeten the remedy and enhance its taste. Mix well.
Allow the mixture to cool down to a warm temperature that is comfortable to drink.
Once the remedy has cooled down, it is ready to be consumed.
Drink this herbal remedy once daily, preferably in the morning on an empty stomach, for its potential benefits in managing tuberculosis symptoms.
Please note: While natural remedies like this one may offer some benefits, they should not be used as a substitute for medical treatment prescribed by a qualified healthcare professional. Always consult with a doctor before trying any new remedy, especially if you have a serious medical condition like tuberculosis.]"
Common Cold,"['Ginger-Cinnamon -Turmeric Drink','Golden Milk (Turmeric Milk)','Ashwagandha Root Drink','Tulsi - Honey Mixture','Carom seeds - Jaggery Mixture']","[Ginger-Cinnamon-Turmeric Drink:
Procedure:
a. In a saucepan, add water, thinly sliced or grated ginger, and a cinnamon stick.
b. Bring the mixture to a boil and let it simmer for 10-15 minutes.
c. Add turmeric powder and stir well.
d. Strain the drink to remove the ginger and cinnamon.
e. Optionally, add honey to taste.
f. Serve the warm ginger-cinnamon-turmeric drink and enjoy.

Golden Milk (Turmeric Milk):
Procedure:
a. Heat the milk in a saucepan over medium heat.
b. Add turmeric powder to the milk and stir well.
c. Let the mixture simmer for 5-7 minutes.
d. Remove from heat and allow it to cool slightly.
e. Optionally, add honey or maple syrup for sweetness.
f. Stir well and pour the golden milk into a cup.
g. Drink the warm turmeric milk before bedtime.

Ashwagandha Root Drink:
Procedure:
a. Mix ashwagandha root powder with warm water in a cup.
b. Stir well until the powder is dissolved.
c. Optionally, add honey for sweetness and additional benefits.
d. Drink the ashwagandha root drink slowly.

Tulsi-Honey Mixture:
Procedure:
a. Wash the Tulsi leaves thoroughly and crush them slightly to release their juices.
b. Place the crushed Tulsi leaves in a small bowl.
c. Add honey to the Tulsi leaves and mix well.
d. Consume 1 tablespoon of the Tulsi-honey mixture daily to relieve cold symptoms.

Carom Seeds-Jaggery Mixture:
Procedure:
a. Crush the jaggery into small pieces.
b. Mix carom seeds powder with crushed jaggery.
c. Consume this mixture slowly to alleviate cough and cold symptoms.]"
Pneumonia,"['Amalaki','Kutaja','Bhringraj','Tila','Guduchi','Vasa']","[Take a clean and dry bowl.
Add all the powdered herbs - Amalaki, Kutaja, Bhringraj, Guduchi, and Vasa into the bowl.
Mix the powdered herbs thoroughly until well combined.
Heat the Tila oil in a small pan over low heat until it becomes warm (not too hot).
Once the oil is warm, slowly add the mixed powdered herbs into the warm oil.
Stir the mixture continuously while adding the powdered herbs to ensure even distribution.
Cook the mixture on low heat for 5-10 minutes, stirring frequently to prevent burning.
After 5-10 minutes, turn off the heat and let the mixture cool down to room temperature.
Once cooled, transfer the prepared remedy into a clean, airtight container for storage.
The remedy is now ready to use.
Usage:

Take 1-2 teaspoons of the prepared remedy orally, preferably on an empty stomach, twice daily.
Continue the regimen for a few days or as directed by a healthcare professional.]"
Dimorphic hemmorhoids(piles),['Kshara'],"[Preparation:
a. Take fresh Apamarga leaves or Kshara powder.
b. Crush or grind the Apamarga leaves into a fine paste. If using Kshara powder, you can directly use it without grinding.
c. Make a smooth paste by mixing the Apamarga paste or Kshara powder with lukewarm water. Ensure that the consistency is not too thick or too thin.
Procedure to Apply Kshara:

Clean the Affected Area:
a. Wash the affected area thoroughly with lukewarm water and a mild soap.
b. Pat the area dry with a clean, soft towel.
Apply Kshara Paste:
a. Take a small amount of prepared Kshara paste on your clean fingers or a cotton swab.
b. Gently apply the Kshara paste directly onto the affected hemorrhoids.
Leave it On:
a. Leave the Kshara paste on the hemorrhoids for about 10-15 minutes.
b. Allow the paste to dry naturally.
Rinse Off:
a. After 10-15 minutes, wash the area with lukewarm water to remove the Kshara paste.
b. Pat the area dry with a clean towel.
Repeat:
a. Repeat the application of Kshara paste once or twice a day, depending on the severity of the condition and as directed by an Ayurvedic practitioner.
b. Continue the application until the symptoms improve.
Note:

It's essential to consult with an Ayurvedic practitioner or healthcare professional before using Kshara or any other remedy for hemorrhoids.
Ensure that you are not allergic to any of the ingredients used in the preparation of Kshara.
Maintain proper hygiene and follow a healthy lifestyle to prevent the recurrence of hemorrhoids.]"
Varicose veins,['Triphala powder'],"[Preparation:
a. Boil 1 cup of water in a small saucepan or kettle.
b. Once the water comes to a boil, remove it from heat.
Mixing:
a. Place 1 tablespoon of Triphala powder in a cup or mug.
b. Pour the hot water over the Triphala powder.
Steeping:
a. Let the Triphala powder steep in the hot water for 5-10 minutes to allow its beneficial compounds to infuse into the water.
Straining:
a. After steeping, strain the Triphala-infused water using a fine-mesh sieve or a tea strainer to remove any solid particles.
Cooling:
a. Allow the Triphala water to cool down to a comfortable drinking temperature.
Consumption:
a. Drink the Triphala-infused water on an empty stomach in the morning, preferably before breakfast.
b. Repeat this daily for best results.
Additional Tips:
You can adjust the concentration of Triphala powder according to your preference, but it's recommended to start with a tablespoon for varicose veins.
Triphala powder can have a slightly bitter taste, so you may add a natural sweetener like honey or maple syrup to enhance the flavor if desired.
It's important to maintain a healthy lifestyle, including regular exercise and a balanced diet, to complement the use of Triphala powder for managing varicose veins.]"
Hypothyroidism,['Ashwagandha'],"[Gather Ingredients: Obtain high-quality Ashwagandha root or powder from a reputable source.
Preparation of Ashwagandha Decoction:
If using Ashwagandha root: Take 1-2 teaspoons of dried Ashwagandha root.
If using Ashwagandha powder: Take 1-2 teaspoons of Ashwagandha powder.
Add the Ashwagandha root or powder to a saucepan.
Pour 1-2 cups of water into the saucepan, depending on how strong you want the decoction to be.
Bring the water to a boil over medium heat.
Once boiling, reduce the heat to low and let the Ashwagandha simmer in the water for about 10-15 minutes.
Turn off the heat and allow the decoction to cool down slightly.
Strain and Serve:
Use a fine-mesh strainer or cheesecloth to strain the decoction, separating the liquid from the solids.
Pour the strained Ashwagandha decoction into a cup.
Consumption:
Drink the Ashwagandha decoction warm.
You can consume it once or twice a day, preferably on an empty stomach in the morning and/or before bedtime in the evening.
It's recommended to consult with a healthcare professional or an Ayurvedic practitioner to determine the appropriate dosage and frequency based on your individual health condition and needs.
Additional Tips:
You can add natural sweeteners like honey or stevia to enhance the taste, if desired.
Store any leftover Ashwagandha decoction in a clean, airtight container in the refrigerator for up to 2-3 days.]"
Hyperthyroidism,"['Ashwagandha','Koshtha Shuddhi with Gandharvahastadi Eranda Tailam','Shunthi Siddha Jala']","[Ashwagandha:
Preparation: Ashwagandha can be consumed in various forms, such as powder, capsules, or as a decoction.
Procedure:
If using Ashwagandha powder or capsules, follow the dosage instructions provided on the packaging or as advised by a healthcare professional.
If preparing Ashwagandha decoction:
Take 1-2 teaspoons of Ashwagandha powder or crushed Ashwagandha root.
Boil the Ashwagandha powder or root in 1-2 cups of water for 10-15 minutes.
Strain the decoction and consume it warm.
Drink the decoction once or twice daily, preferably on an empty stomach.
Koshtha Shuddhi with Gandharvahastadi Eranda Tailam:
Ingredients:
Gandharvahastadi Eranda Tailam (castor oil-based herbal oil)
Procedure:
Warm the Gandharvahastadi Eranda Tailam slightly by placing the bottle in warm water.
Massage the abdominal area with the warm Gandharvahastadi Eranda Tailam in gentle circular motions.
Continue the massage for 5-10 minutes.
After the massage, allow some time for the oil to penetrate the skin before washing it off with lukewarm water.
Perform this abdominal massage once a day, preferably in the morning on an empty stomach.
Shunthi Siddha Jala:
Ingredients:
Shunthi (dried ginger powder)
Warm water
Procedure:
Take 1 teaspoon of Shunthi (dried ginger powder) and mix it into a glass of warm water.
Stir well until the Shunthi powder is dissolved in the water.
Drink the Shunthi Siddha Jala slowly.
Consume this mixture once a day, preferably in the morning on an empty stomach.]"
Osteoarthristis,['Ashwagandha (Withania Somnifera)'],"[Gather Ingredients: Obtain high-quality Ashwagandha root or powder from a reputable source.
Preparation of Ashwagandha Decoction:
If using Ashwagandha root: Take 1-2 teaspoons of dried Ashwagandha root.
If using Ashwagandha powder: Take 1-2 teaspoons of Ashwagandha powder.
Add the Ashwagandha root or powder to a saucepan.
Pour 1-2 cups of water into the saucepan, depending on how strong you want the decoction to be.
Bring the water to a boil over medium heat.
Once boiling, reduce the heat to low and let the Ashwagandha simmer in the water for about 10-15 minutes.
Turn off the heat and allow the decoction to cool down slightly.
Strain and Serve:
Use a fine-mesh strainer or cheesecloth to strain the decoction, separating the liquid from the solids.
Pour the strained Ashwagandha decoction into a cup.
Consumption:
Drink the Ashwagandha decoction warm.
It's recommended to consume it once or twice a day, preferably on an empty stomach in the morning and/or before bedtime in the evening.
It's advisable to consult with a healthcare professional or an Ayurvedic practitioner to determine the appropriate dosage and frequency based on individual health condition and needs.
Additional Tips:
You can add natural sweeteners like honey or stevia to enhance the taste, if desired.
Store any leftover Ashwagandha decoction in a clean, airtight container in the refrigerator for up to 2-3 days.]"
Arthritis,"['Ashwagandha','Guggulu','Turmeric','Ginger','Boswellia']","[Procedure:
Gather Ingredients: Obtain high-quality Ashwagandha, Guggulu, Turmeric, Ginger, and Boswellia from a reputable source.
Preparation of Herbal Blend/Decoction:
If using roots or resin: Take small amounts of each herb (approximately 1-2 teaspoons).
If using powders: Take equal parts of each powder (approximately 1-2 teaspoons each).
Add the herbs or powders to a saucepan.
Boiling:
Pour 2-3 cups of water into the saucepan, depending on how strong you want the decoction to be.
Bring the water to a boil over medium heat.
Once boiling, reduce the heat to low and let the herbs simmer in the water for about 15-20 minutes.
Strain and Serve:
Use a fine-mesh strainer or cheesecloth to strain the decoction, separating the liquid from the solids.
Pour the strained herbal blend or decoction into a cup.
Consumption:
Drink the herbal blend or decoction warm.
You can consume it once or twice a day, preferably on an empty stomach in the morning and/or before bedtime in the evening.
It's recommended to consult with a healthcare professional or an Ayurvedic practitioner to determine the appropriate dosage and frequency based on your individual health condition and needs.
Additional Tips:
You can add natural sweeteners like honey or stevia to enhance the taste, if desired.
Store any leftover herbal blend or decoction in a clean, airtight container in the refrigerator for up to 2-3 days.]"
(vertigo) Paroymsal Positional Vertigo,"['Kaunch Beej','Shankapushpi','Amalaki','Jatiphala','Guduchi']","[Gather Ingredients:
Kaunch Beej (Velvet Bean) powder or seeds
Shankapushpi (Convolvulus pluricaulis) powder or extract
Amalaki (Indian Gooseberry) powder or fresh fruit
Jatiphala (Nutmeg) powder or whole nutmeg
Guduchi (Tinospora cordifolia) powder or extract
Preparation:
Measure the appropriate quantities of each ingredient based on the desired dosage and your preference. You may consult with an Ayurvedic practitioner for guidance on dosage.
Mixing:
Combine the powdered forms of Kaunch Beej, Shankapushpi, Amalaki, Jatiphala, and Guduchi in a clean container.
Mix the ingredients thoroughly to ensure they are evenly distributed.
Consumption:
Take the mixed herbal powder as per the recommended dosage.
You can consume the herbal powder with water, honey, milk, or another suitable liquid according to your preference.
It's advisable to take this remedy on an empty stomach for better absorption and effectiveness, preferably in the morning.
Frequency:
Follow the recommended dosage and frequency provided by an Ayurvedic practitioner or healthcare professional.
The frequency of consumption may vary depending on the severity of symptoms and individual health conditions.
Additional Tips:
Store the herbal mixture in an airtight container in a cool, dry place away from direct sunlight to maintain its potency.
Monitor your symptoms and consult with a healthcare professional if you experience any adverse reactions or if the symptoms persist.
Consultation:
It's crucial to consult with an Ayurvedic practitioner or healthcare professional before starting any herbal remedy, especially if you have existing medical conditions, are pregnant or nursing, or are taking medications.]"
Acne,['Giloy (Heart-Leaved Moonseed)'],"[Obtain Giloy Stem or Powder:
You can either use fresh Giloy stems or purchase Giloy powder from a reputable source.
Preparation of Giloy Paste:
If using fresh Giloy stems: Cut the stems into small pieces and crush them using a mortar and pestle to extract the juice.
If using Giloy powder: Take 1-2 teaspoons of Giloy powder in a bowl.
Mixing with Water or Rose Water:
Add a small amount of water or rose water to the Giloy powder or juice to make a smooth paste.
Ensure that the paste has a thick consistency that can be easily applied to the skin.
Application:
Cleanse your face with a mild cleanser and pat dry.
Using clean fingers or a cotton ball, apply the Giloy paste directly onto the acne-affected areas of your skin.
Gently massage the paste into your skin using circular motions.
Leave On and Rinse:
Allow the Giloy paste to dry on your skin for about 20-30 minutes.
Once dry, rinse off the paste with lukewarm water.
Pat your skin dry with a clean towel.
Frequency:
You can apply the Giloy paste once daily, preferably in the evening before bedtime.
Repeat this process regularly until you notice an improvement in your acne condition.
Additional Tips:
Conduct a patch test on a small area of your skin before applying the Giloy paste to your entire face to check for any allergic reactions.
If you experience any irritation or discomfort after application, discontinue use and consult a dermatologist.
Maintain good skincare habits, such as cleansing your face regularly, avoiding harsh products, and staying hydrated, to help manage acne effectively.]"
Urinary tract infection,"['Coriander seeds','Sariva(hemidesmus indicus)','Asparungus(Shatavari)','Gokshura(Tribulus Terrestris)','Nut grass(Cyperus rotundus)','Indian Gooseberry']","[Gather Ingredients:
Coriander seeds
Sariva (Hemidesmus indicus)
Asparagus (Shatavari)
Gokshura (Tribulus Terrestris)
Nut grass (Cyperus rotundus)
Indian Gooseberry (Amla)
Preparation of Herbal Decoction:
Take equal quantities of each herb or adjust according to availability.
Rinse the herbs thoroughly to remove any dirt or impurities.
In a large pot, add around 4-5 cups of water.
Add the rinsed herbs to the water in the pot.
Boiling the Decoction:
Bring the water to a boil over medium heat.
Once boiling, reduce the heat to low and let the herbs simmer in the water for about 20-30 minutes. This allows the beneficial compounds to infuse into the water.
Cooling and Straining:
After simmering, remove the pot from heat and allow the decoction to cool down to room temperature.
Once cooled, strain the liquid using a fine-mesh strainer or cheesecloth into a clean container. This separates the herbal infusion from the solid plant materials.
Storage and Consumption:
Store the strained herbal decoction in a glass jar or bottle in the refrigerator.
Drink 1-2 cups of the herbal decoction daily, preferably on an empty stomach in the morning and/or before bedtime in the evening.
You can consume it as is or dilute it with some water if the taste is too strong.
Additional Tips:
Consult with a healthcare professional or an Ayurvedic practitioner to ensure these herbs are suitable for your condition and to determine the appropriate dosage.
Maintain proper hygiene and hydration to support the body's natural healing process.
If symptoms persist or worsen, seek medical attention promptly.]"
Psoriasis,['jasmine flower paste to relieve itching and reduce inflammation'],"[Gather Ingredients: Obtain fresh jasmine flowers from a garden or a reliable source. You will also need a mortar and pestle or a blender for grinding the flowers into a paste.
Prepare Jasmine Flowers:
Pluck the jasmine flowers from the stems and discard any stems or leaves.
Rinse the jasmine flowers thoroughly under running water to remove any dirt or impurities.
Grind into Paste:
Place the cleaned jasmine flowers into a mortar and pestle or a blender.
Grind or blend the jasmine flowers into a smooth paste. Add a small amount of water if needed to facilitate the grinding process. The paste should have a thick, creamy consistency.
Application:
Wash the affected area of the skin with lukewarm water and pat it dry gently with a clean towel.
Take a small amount of the jasmine flower paste and apply it directly to the affected areas of the skin affected by psoriasis.
Gently massage the paste into the skin using circular motions for a few minutes to ensure thorough absorption.
Leave on and Rinse:
Allow the jasmine flower paste to remain on the skin for at least 30 minutes to an hour to allow its soothing properties to take effect.
After the desired duration, rinse off the jasmine flower paste with lukewarm water and pat the skin dry with a clean towel.
Repeat:
You can repeat this process 1-2 times daily, depending on the severity of the itching and inflammation associated with psoriasis.
Additional Tips:
Store any leftover jasmine flower paste in an airtight container in the refrigerator for future use. It is best to prepare fresh paste as needed for optimal efficacy.
Discontinue use if any irritation or allergic reaction occurs, and consult with a dermatologist or healthcare professional for further guidance.]"
Common_Cold,[],"[1. Ginger Tea:
Peel and slice the fresh ginger into thin pieces.
In a saucepan, bring 1 cup of water to a boil.
Add the sliced ginger to the boiling water.
Let the ginger simmer in the water for 5-10 minutes.
Strain the ginger-infused water into a cup.
Optionally, add 1 teaspoon of raw honey to taste for added flavor.
Sip the ginger tea slowly while it's still warm to relieve congestion and soothe the throat.
Drink this tea 2-3 times a day as needed for relief from the common cold.
2. Turmeric Milk (Golden Milk):
In a saucepan, heat 1 cup of milk until it reaches a simmer.
Add 1/2 teaspoon of turmeric powder and a pinch of black pepper to the simmering milk.
Stir well until the turmeric and pepper are fully dissolved into the milk.
Optionally, add 1 teaspoon of raw honey to taste for added flavor.
Continue to simmer the turmeric milk for a few minutes.
Remove from heat and let it cool down slightly.
Drink this turmeric milk slowly while it's still warm to boost immunity and relieve cold symptoms.
Consume this remedy before bedtime for a restful sleep and relief from the common cold.
3. Tulsi (Holy Basil) Tea:
Rinse the fresh Tulsi leaves thoroughly under running water.
In a saucepan, bring 1 cup of water to a boil.
Add the Tulsi leaves to the boiling water.
Let the Tulsi leaves simmer in the water for 5-7 minutes.
Strain the Tulsi-infused water into a cup.
Optionally, add 1 teaspoon of raw honey to taste for added sweetness and relief.
Sip the Tulsi tea slowly while it's still warm to reduce cold symptoms and boost immunity.
Drink this tea 2-3 times a day as needed for relief from the common cold.
4. Steam Inhalation with Eucalyptus Oil:
Boil a pot of water until it produces steam.
Remove the pot from heat and place it on a stable surface.
Add 3-4 drops of eucalyptus essential oil to the hot water.
Drape a towel over your head to create a tent and lean over the pot.
Inhale the steam deeply through your nose for 5-10 minutes.
Continue steam inhalation once a day to clear nasal congestion and relieve cold symptoms.]"
Headache,[],"[1. Ginger Tea:
Start by peeling and slicing fresh ginger root.
Boil water in a saucepan or kettle.
Add the sliced ginger to the boiling water.
Let it simmer for about 10-15 minutes to allow the flavors to infuse into the water.
Strain the ginger pieces from the tea.
Optionally, you can add honey or lemon to taste for added flavor and health benefits.
Serve the ginger tea hot and enjoy.
2. Ginger Juice:
Peel and chop fresh ginger root into small pieces.
Add the chopped ginger to a blender or food processor.
Add a small amount of water to the blender.
Blend the ginger and water until smooth.
Strain the ginger pulp from the juice using a fine mesh strainer or cheesecloth.
Optionally, you can add honey or lemon to taste for added flavor and health benefits.
Pour the ginger juice into a glass and serve it fresh.]"
Indigestion,[],"[1.Rinse the cumin seeds under running water to remove any dirt or impurities.
In a saucepan, add 2 cups of water.
Add 1 tablespoon of cumin seeds to the water.
Bring the water to a boil over medium heat.
Once the water starts boiling, reduce the heat and let it simmer for about 10-15 minutes.
Turn off the heat and allow the cumin seeds to steep in the water until it cools down to room temperature.
Strain the cumin seeds from the water using a fine mesh strainer or cheesecloth,Transfer the cumin water to a clean glass or container,Your cumin water is ready to be consumed.                                                                       2.Find a quiet and comfortable place to sit. You can sit on a yoga mat or cushion with your legs crossed or in a comfortable chair with your feet flat on the ground.
Close your eyes and take a few deep breaths to relax your body and mind.
Begin with a few rounds of deep breathing: inhale deeply through your nose, filling your lungs with air, and exhale slowly through your mouth, emptying your lungs completely. Repeat this for a few breaths.
Next, practice Nadi Shodhana Pranayama (Alternate Nostril Breathing):
Use your right thumb to close your right nostril and inhale deeply through your left nostril.
Use your right ring finger to close your left nostril, release your right nostril, and exhale completely through your right nostril.
Inhale deeply through your right nostril, then close it with your right thumb and release your left nostril, exhaling completely through your left nostril.
Continue alternating between inhaling through one nostril and exhaling through the other nostril for several rounds.
After practicing Nadi Shodhana Pranayama, return to regular deep breathing for a few breaths to relax.
Finally, conclude your Pranayama practice by taking a few moments to sit quietly and observe your breath, noticing any changes in your breath pattern or how you feel.]"
Acne,[],"[1.Neem Leave Paste :If you are using fresh neem leaves, wash them thoroughly under running water to remove any dirt or impurities. If you are using dried neem leaves, you can skip this step.
Place the neem leaves in a blender or food processor.
Add a small amount of water to the blender to help with blending.
Blend the neem leaves and water until you get a smooth paste-like consistency.
If the paste is too thick, you can add more water as needed to achieve the desired consistency.
Transfer the neem leaves paste to a clean container or jar,Your neem leaves paste is now ready to be used for various purposes, such as skincare, haircare, or as a natural remedy for various health issues.                      2.Udvartana (Ayurvedic Dry Powder Massage): Begin by selecting a suitable place for the massage, preferably in a warm and comfortable room.
Prepare the Udvartana powder mixture by combining the dry herbs and powders in a bowl. You can customize the mixture according to your skin type and specific needs.
Warm the Udvartana powder slightly by placing the bowl in a bowl of warm water or using a double boiler method.
Sit or lie down comfortably on a clean surface, such as a yoga mat or towel.
Apply a small amount of warm oil to your body, starting from the feet and working your way up to the neck. This helps to prepare the skin for the massage and enhances the absorption of the Udvartana powder.
Take a handful of the warmed Udvartana powder mixture and apply it evenly to your body, starting from the feet and working your way up towards the heart.
Use firm and circular motions to massage the powder into your skin, focusing on areas with cellulite, excess fat, or rough texture.
Continue massaging for 10-15 minutes or until the entire body is covered with the Udvartana powder.
After the massage, allow the Udvartana powder to remain on your skin for a few minutes to allow the herbs to penetrate and nourish the skin.
Rinse off the Udvartana powder with warm water in the shower or bath.
Pat your skin dry with a clean towel and follow up with a moisturizer or herbal oil to lock in moisture and nourish the skin.]"
Insomnia(Sleep Disorder),[],"[1.Warm Milk with Nutmeg Powder: In a small saucepan, pour 1 cup of milk.
Place the saucepan over medium heat and warm the milk until it starts to simmer, but do not let it boil.
Once the milk is heated, add 1/4 teaspoon of nutmeg powder to the milk.
Stir the milk gently to incorporate the nutmeg powder.
Continue heating the milk for another minute or two until it is thoroughly heated and the nutmeg powder is well mixed.
Optionally, you can add a sweetener of your choice, such as honey or maple syrup, to taste.
Pour the warm milk into a cup and enjoy it while it's still warm and comforting,You can drink warm milk with nutmeg powder before bedtime to promote relaxation and better sleep.                                                                       2.Shirodhara (Oil Pouring on the Forehead): Prepare a comfortable and quiet space for the Shirodhara therapy. You can lie down on a massage table, yoga mat, or bed with a rolled-up towel under your neck for support.
Warm the Ayurvedic oil of your choice (such as sesame oil, coconut oil, or herbal oil) to a comfortable temperature. The oil should be slightly warmer than room temperature but not too hot.
Lie down comfortably on your back with your head supported and your eyes closed.
The therapist will position a vessel above your forehead and start pouring a steady stream of warm oil onto your forehead, allowing it to flow gently over the scalp and down to the hairline.
The oil should be poured in a rhythmic and continuous manner, creating a soothing and meditative experience.
The therapy typically lasts for 30-60 minutes, during which time you can relax and let go of any tension or stress.
After the therapy session, the excess oil can be gently massaged into the scalp and hair for added nourishment and hydration.
Take some time to rest and relax after the Shirodhara therapy to fully absorb its benefits and allow the body to integrate the experience.]"
Constipation,[],"[1. Triphala powder with warm water    
     In a clean cup or glass, add 1 teaspoon of Triphala powder.
Heat 1 cup of water until it is warm but not boiling.
Pour the warm water over the Triphala powder in the cup.
Stir the mixture well until the Triphala powder is dissolved in the water.
     Allow the mixture to cool down slightly if it is too hot to drink comfortably.
Sip the Triphala water slowly and enjoy it as a herbal tonic.
2. Choose a warm and comfortable room for the massage, ideally in a quiet and relaxing environment.
Warm the Ayurvedic massage oil of your choice by placing the bottle in a bowl of warm water or using a double boiler method.
Undress completely or wear minimal clothing that you don't mind getting oily.
Stand on a towel or mat to catch any excess oil during the massage.
Pour a small amount of warm oil into your palms and rub them together to warm the oil further.
Begin the massage by applying the warm oil to your scalp and hair. Massage your scalp using circular motions with your fingertips.
Move on to the face and massage gently using upward strokes.
Continue applying oil to the rest of your body, starting from the neck and shoulders and working your way down to the arms, chest, abdomen, back, buttocks, legs, and feet.
Use long strokes on the limbs and circular motions on the joints. Apply gentle pressure to areas of tension or soreness.
Spend extra time massaging areas that need more attention, such as the lower back, shoulders, and feet.
Once you have applied oil to the entire body, allow the oil to penetrate the skin for at least 10-15 minutes.
Take a warm shower or bath to rinse off the excess oil. Use a mild soap or herbal scrub to cleanse the skin gently.
Pat your skin dry with a clean towel and enjoy the feeling of relaxation and rejuvenation after the Abhyanga massage.]"
Cough,[],"[1. Honey and Turmeric Remedy:
In a small bowl, mix 1 teaspoon of raw honey with 1/4 teaspoon of turmeric powder until well combined.
Take this mixture orally, swallowing it slowly to coat the throat and soothe cough symptoms.
Repeat this remedy 2-3 times a day as needed for relief from cough.
2. Ginger and Honey Tea:
Peel and slice the fresh ginger into thin slices.
In a saucepan, bring 1 cup of water to a boil.
Add the sliced ginger to the boiling water and let it simmer for 5-10 minutes.
Strain the ginger-infused water into a cup.
Stir in 1 teaspoon of raw honey until dissolved.
Sip the ginger and honey tea slowly while it's still warm to soothe cough and throat irritation.
Drink this tea 2-3 times a day for relief from cough.
3. Licorice Root Tea:
In a saucepan, bring 1 cup of water to a boil.
Add 1 teaspoon of dried licorice root to the boiling water.
Let the licorice root simmer in the water for 5-10 minutes.
Strain the tea into a cup.
Optionally, add raw honey or lemon juice to taste for added flavor and relief.
Sip the licorice root tea slowly while it's still warm to alleviate cough symptoms.
Drink this tea 2-3 times a day as needed for cough relief.
4. Tulsi (Holy Basil) Tea:
Rinse the fresh tulsi leaves under running water to remove any dirt or impurities.
In a saucepan, bring 1 cup of water to a boil.
Add the fresh tulsi leaves to the boiling water.
Let the tulsi leaves simmer in the water for 5-10 minutes.
Strain the tea into a cup.
Optionally, add raw honey or lemon juice to taste for added flavor and relief.
Sip the tulsi tea slowly while it's still warm to soothe cough and respiratory discomfort.
Drink this tea 2-3 times a day for relief from cough.]"
Stomach_ache,[],"[1.Ajwain (Carom Seeds) Water:
In a saucepan, bring 1 cup of water to a boil.
Add 1 teaspoon of ajwain (carom seeds) to the boiling water.
Let the ajwain seeds simmer in the water for 5-10 minutes.
Strain the ajwain-infused water into a cup.
Allow the water to cool down slightly before drinking.
Sip the ajwain water slowly to relieve stomach ache and indigestion.
Drink this water 2-3 times a day as needed for stomach ache relief.Repeat this remedy 2-3 times a day as needed for relief from cough.
2. Ginger Tea:
Peel and slice the fresh ginger into thin slices.
In a saucepan, bring 1 cup of water to a boil.
Add the sliced ginger to the boiling water.
Let the ginger simmer in the water for 5-10 minutes.
Strain the ginger-infused water into a cup.
Optionally, add 1 teaspoon of raw honey to taste for added flavor and relief.
Sip the ginger tea slowly while it's still warm to alleviate stomach ache and discomfort.
Drink this tea 2-3 times a day as needed for relief from stomach ache.
3. Cumin Tea:
In a saucepan, bring 1 cup of water to a boil.
Add 1 teaspoon of cumin seeds to the boiling water.
Let the cumin seeds simmer in the water for 5-10 minutes.
Strain the cumin-infused water into a cup.
Optionally, add 1 teaspoon of raw honey to taste for added flavor and relief.
Sip the cumin tea slowly while it's still warm to alleviate stomach ache and improve digestion.
Drink this tea 2-3 times a day as needed for relief from stomach ache.
4. Fennel Seed Water:
In a saucepan, bring 1 cup of water to a boil.
Add 1 teaspoon of fennel seeds to the boiling water.
Let the fennel seeds simmer in the water for 5-10 minutes.
Strain the fennel-infused water into a cup.
Allow the water to cool down slightly before drinking.
Sip the fennel seed water slowly to relieve stomach ache and bloating.
Drink this water 2-3 times a day as needed for stomach ache relief.]"
Headache,[],"[1.Peppermint Tea:
In a saucepan, bring 1 cup of water to a boil.
Add 1 teaspoon of dried peppermint leaves or 3-4 fresh peppermint leaves to the boiling water.
Let the peppermint leaves simmer in the water for 5-10 minutes.
Strain the peppermint-infused water into a cup.
Optionally, add 1 teaspoon of raw honey to taste for added flavor and relief.
Sip the peppermint tea slowly while it's still warm to alleviate headache and promote relaxation.
Drink this tea 2-3 times a day as needed for relief from headache.
2. Ginger Paste:
In a small bowl, mix 1 teaspoon of ginger powder with 2 teaspoons of water to form a thick paste.
Apply the ginger paste to the temples and forehead.
Gently massage the paste into the skin using circular motions for 5-10 minutes.
Leave the ginger paste on for another 10-15 minutes.
Rinse off the ginger paste with lukewarm water.
Repeat this remedy 2-3 times a day as needed for relief from headache.
3. CLavender Oil Massage:
Mix 3-5 drops of lavender essential oil with 1 tablespoon of carrier oil in a small bowl.
Gently warm the oil mixture by rubbing it between your palms.
Apply the oil mixture to the temples, forehead, and back of the neck.
Use gentle circular motions to massage the oil into the skin for 5-10 minutes.
Allow the oil to absorb into the skin for another 10-15 minutes.
Repeat this massage 2-3 times a day as needed for relief from headache.
4. Basil Tea:
In a saucepan, bring 1 cup of water to a boil.
Add 5-6 fresh basil leaves or 1 teaspoon of dried basil leaves to the boiling water.
Let the basil leaves simmer in the water for 5-10 minutes.
Strain the basil-infused water into a cup.
Optionally, add 1 teaspoon of raw honey to taste for added flavor and relief.
Sip the basil tea slowly while it's still warm to alleviate headache and promote relaxation.
Drink this tea 2-3 times a day as needed for relief from headache.]"
Fever,[],"[1. Tulsi (Holy Basil) Tea:
In a saucepan, bring 1 cup of water to a boil.
Add 5-6 fresh tulsi leaves or 1 teaspoon of dried tulsi leaves to the boiling water.
Let the tulsi leaves simmer in the water for 5-10 minutes.
Strain the tulsi-infused water into a cup.
Optionally, add 1 teaspoon of raw honey to taste for added flavor and relief.
Sip the tulsi tea slowly while it's still warm to reduce fever and promote healing.
Drink this tea 2-3 times a day as needed for relief from fever.
2. Ginger and Lemon Tea:
Peel and slice the fresh ginger into thin slices.
In a saucepan, bring 1 cup of water to a boil.
Add the sliced ginger to the boiling water.
Let the ginger simmer in the water for 5-10 minutes.
Strain the ginger-infused water into a cup.
Add the juice of half a lemon and 1 teaspoon of raw honey to the cup.
Stir the mixture well until the honey is dissolved.
Sip the ginger and lemon tea slowly while it's still warm to reduce fever and boost immunity.
Drink this tea 2-3 times a day as needed for relief from fever.
3. Coriander Seed Tea:
In a saucepan, bring 1 cup of water to a boil.
Add 1 tablespoon of coriander seeds to the boiling water.
Let the coriander seeds simmer in the water for 5-10 minutes.
Strain the coriander-infused water into a cup.
Optionally, add 1 teaspoon of raw honey to taste for added flavor and relief.
Sip the coriander seed tea slowly while it's still warm to reduce fever and promote healing.
Drink this tea 2-3 times a day as needed for relief from fever.
4. Fenugreek Seed Decoction:
In a saucepan, bring 1 cup of water to a boil.
Add 1 tablespoon of fenugreek seeds to the boiling water.
Let the fenugreek seeds simmer in the water for 5-10 minutes.
Strain the fenugreek seed decoction into a cup.
Allow the decoction to cool down slightly before drinking.
Sip the fenugreek seed decoction slowly while it's still warm to reduce fever and promote sweating.
Drink this decoction 2-3 times a day as needed for relief from fever.
These Ayurvedic remedies can help reduce fever and promote healing. However, if the fever persists or worsens, it's essential to consult with a healthcare professional for proper diagnosis and treatment.]
"
Dysentry,[],"[1. Pomegranate Juice:
Extract the juice from fresh pomegranate seeds using a juicer or blender.
Drink 1-2 cups of fresh pomegranate juice daily.
Alternatively, you can eat fresh pomegranate seeds to help alleviate symptoms of dysentery.
Pomegranate has astringent properties that can help reduce inflammation and diarrhea associated with dysentery.
2. Buttermilk with Cumin Seeds:
In a small bowl, crush the cumin seeds to release their flavor.
Add the crushed cumin seeds and a pinch of salt to the fresh buttermilk.
Stir well until the cumin seeds are evenly distributed in the buttermilk.
Drink this buttermilk mixture 2-3 times a day after meals.
Cumin seeds have anti-inflammatory and antimicrobial properties that can help soothe the digestive tract and reduce symptoms of dysentery.
3. Ginger and Honey Tea:
Peel and slice the fresh ginger into thin slices.
In a saucepan, bring 1 cup of water to a boil.
Add the sliced ginger to the boiling water.
Let the ginger simmer in the water for 5-10 minutes.
Strain the ginger-infused water into a cup.
Optionally, add 1 teaspoon of raw honey to taste for added flavor and relief.
Sip the ginger tea slowly while it's still warm to reduce inflammation and alleviate symptoms of dysentery.
Drink this tea 2-3 times a day as needed for relief from dysentery.
4. Pomegranate Peel Decoction:
If using fresh pomegranate peel, wash it thoroughly to remove any dirt or impurities. If using dried pomegranate peel, skip this step.
Cut the pomegranate peel into small pieces.
In a saucepan, bring water to a boil.
Add the pomegranate peel pieces to the boiling water.
Let the pomegranate peel simmer in the water for 10-15 minutes.
Strain the decoction into a cup.
Allow the decoction to cool down slightly before drinking.
Drink this pomegranate peel decoction 2-3 times a day as needed for relief from dysentery.
These Ayurvedic remedies can help alleviate symptoms of dysentery and promote healing. However, if the symptoms persist or worsen, it's essential to consult with a healthcare professional for proper diagnosis and treatment.]
"
Body_Pain,[],"[1. Turmeric Milk:
In a saucepan, heat 1 cup of milk until it reaches a simmer.
Add 1/2 teaspoon of turmeric powder to the simmering milk.
Stir well until the turmeric is fully dissolved into the milk.
Optionally, add 1 teaspoon of raw honey to taste for added flavor and relief.
Continue to simmer the turmeric milk for a few minutes.
Remove from heat and let it cool down slightly.
Drink this turmeric milk slowly while it's still warm to reduce inflammation and alleviate body pain.
Consume this remedy before bedtime for a restful sleep and relief from body pain.
2. Ajwain (Carom Seeds) Poultice:
Heat a dry pan and add 2 tablespoons of ajwain (carom seeds).
Dry roast the ajwain seeds on low heat until they turn slightly brown and emit a fragrant aroma.
Transfer the roasted ajwain seeds to a piece of muslin cloth or thin cotton cloth.
Tie the cloth securely to create a pouch containing the ajwain seeds.
Dip the pouch into hot water for a few seconds to moisten it.
Apply the warm poultice directly to the affected area of the body.
Leave the poultice on for 10-15 minutes.
Repeat this remedy 2-3 times a day as needed for relief from body pain.
3. Eucalyptus Oil Massage:
Mix 3-5 drops of eucalyptus essential oil with 1 tablespoon of carrier oil in a small bowl.
Gently warm the oil mixture by rubbing it between your palms.
Apply the oil mixture to the affected area of the body.
Use gentle circular motions to massage the oil into the skin for 5-10 minutes.
Allow the oil to absorb into the skin for another 10-15 minutes.
Repeat this massage 2-3 times a day as needed for relief from body pain.
4. Warm Bath with Epsom Salt:
Fill your bathtub with warm water.
Add 1-2 cups of Epsom salt to the warm bathwater.
Stir the water gently to dissolve the Epsom salt.
Soak your body in the Epsom salt bath for 15-20 minutes.
Relax and enjoy the soothing effects of the warm water and Epsom salt on your body.
Repeat this remedy once a day as needed for relief from body pain.]"
Vomitting,[],"[1. Ginger Tea:
Peel and slice the fresh ginger into thin slices.
In a saucepan, bring 1 cup of water to a boil.
Add the sliced ginger to the boiling water.
Let the ginger simmer in the water for 5-10 minutes.
Strain the ginger-infused water into a cup.
Optionally, add 1 teaspoon of raw honey to taste for added flavor.
Sip the ginger tea slowly while it's still warm to alleviate nausea and vomiting.
Drink this tea 2-3 times a day as needed for relief from vomiting.
2. Cumin Seed Water:
In a saucepan, bring 1 cup of water to a boil.
Add 1 teaspoon of cumin seeds to the boiling water.
Let the cumin seeds simmer in the water for 5-10 minutes.
Strain the cumin-infused water into a cup.
Allow the water to cool down slightly before drinking.
Sip the cumin seed water slowly to calm the stomach and reduce vomiting.
Drink this water 2-3 times a day as needed for relief from vomiting.
3. Lemon Water:
Squeeze the juice of half a lemon into a cup of water.
Add a pinch of salt to the lemon water and stir well.
Sip the lemon water slowly to soothe the stomach and alleviate vomiting.
Drink this lemon water whenever you feel nauseous or experience vomiting.
4. Mint Tea:
In a saucepan, bring 1 cup of water to a boil.
Add the fresh or dried mint leaves to the boiling water.
Let the mint leaves simmer in the water for 5-10 minutes.
Strain the mint-infused water into a cup.
Optionally, add 1 teaspoon of raw honey to taste for added flavor.
Sip the mint tea slowly while it's still warm to relieve nausea and vomiting.
Drink this tea 2-3 times a day as needed for relief from vomiting.]"
Sun_burn,[],"[1. Aloe Vera Gel:
If using a fresh aloe vera leaf, carefully cut open the leaf and scoop out the gel using a spoon. If using pure aloe vera gel, skip this step.
Apply the fresh aloe vera gel directly to the sunburned areas of the skin.
Gently massage the gel into the skin using circular motions.
Leave the gel on the skin for at least 30 minutes to allow it to be absorbed.
Rinse off the gel with cool water and pat the skin dry with a soft towel.
Repeat this remedy several times a day as needed for relief from sunburn.
2. Coconut Oil:
Take a small amount of organic coconut oil in your palms.
Gently massage the coconut oil onto the sunburned areas of the skin.
Allow the coconut oil to be absorbed into the skin.
Reapply coconut oil as needed throughout the day to keep the skin moisturized and relieve sunburn.
3. Cucumber Paste:
Peel and chop the cucumber into small pieces.
Blend the chopped cucumber pieces in a blender until you get a smooth paste. Alternatively, you can grate the cucumber to extract its juice.
Apply the cucumber paste or juice directly to the sunburned areas of the skin.
Leave the cucumber paste on the skin for 15-20 minutes.
Rinse off the paste with cool water and pat the skin dry with a soft towel.
Repeat this remedy 2-3 times a day as needed for relief from sunburn.
4. Sandalwood Paste:
In a small bowl, mix 1 tablespoon of sandalwood powder with enough rose water or plain water to form a smooth paste.
Apply the sandalwood paste directly to the sunburned areas of the skin.
Allow the paste to dry completely on the skin.
Rinse off the dried paste with cool water and pat the skin dry with a soft towel.
Repeat this remedy once a day as needed for relief from sunburn.]"
Skin_Burn,[],"[1. Coconut Oil and Turmeric Paste:
Mix 1 tablespoon of organic coconut oil with 1/2 teaspoon of turmeric powder in a small bowl to form a paste.
Apply the paste directly to the burned area of the skin.
Gently massage the paste into the skin using circular motions.
Leave the paste on the skin for at least 30 minutes to allow it to be absorbed.
Rinse off the paste with cool water and pat the skin dry with a soft towel.
Repeat this remedy several times a day as needed for relief from skin burns.
2. Aloe Vera Gel:
If using a fresh aloe vera leaf, carefully cut open the leaf and scoop out the gel using a spoon. If using pure aloe vera gel, skip this step.
Apply the fresh aloe vera gel directly to the burned area of the skin.
Gently massage the gel into the skin using circular motions.
Leave the gel on the skin for at least 30 minutes to allow it to be absorbed.
Rinse off the gel with cool water and pat the skin dry with a soft towel.
Repeat this remedy several times a day as needed for relief from skin burns.
3. Honey and Cinnamon Powder:
Mix 1 tablespoon of raw honey with 1/2 teaspoon of cinnamon powder in a small bowl to form a paste.
Apply the paste directly to the burned area of the skin.
Gently massage the paste into the skin using circular motions.
Leave the paste on the skin for at least 30 minutes to allow it to be absorbed.
Rinse off the paste with cool water and pat the skin dry with a soft towel.
Repeat this remedy several times a day as needed for relief from skin burns.
4. Cold Compress with Milk:
Soak a clean cloth or cotton pads in cold milk.
Gently wring out the excess milk from the cloth or pads.
Apply the cold milk-soaked cloth or pads directly to the burned area of the skin.
Leave the compress on the skin for 10-15 minutes.
Repeat this remedy several times a day as needed for relief from skin burns.
These Ayurvedic remedies can help soothe skin burns and promote healing. However, if the burn is severe or if you experience blistering, fever, or chills, it's essential to seek medical attention immediately. Additionally, it's important to avoid further exposure to heat or irritants that may aggravate the burn.]
"
